git	git version 2.47.2
cargo	cargo 1.84.0 (4fc91e41a 2024-12-11)
fd	fd 10.2.0
fdfind	fdfind 10.2.0
rg	ripgrep 14.1.1
bat	bat 0.25.0
python3	Python 3.13.1
node	v22.0.0
go	go version go1.23.4 linux/amd64
docker	Docker version 27.4.0, build b9d17a0
restic	restic 0.17.3
borg	borg 1.4.0
mise	mise 2026.9.1
curl	curl 8.11.1 (x86_64-pc-linux-gnu)
vim	VIM - Vi IMproved 9.1
tmux	tmux 3.5a
jq	jq-1.7.1
htop	htop 3.3.0
ffmpeg	ffmpeg version 7.1
rsync	rsync  version 3.4.0  protocol version 29
git	git version 2.47.2
cargo	cargo 1.84.0 (4fc91e41a 2024-12-11)
fd	fd 10.2.0
fdfind	fdfind 10.2.0
rg	ripgrep 14.1.1
bat	bat 0.25.0
python3	Python 3.13.1
node	v22.0.0
go	go version go1.23.4 linux/amd64
docker	Docker version 27.4.0, build b9d17a0
restic	restic 0.17.3
borg	borg 1.4.0
mise	mise 2026.9.1
curl	curl 8.11.1 (x86_64-pc-linux-gnu)
vim	VIM - Vi IMproved 9.1
tmux	tmux 3.5a
jq	jq-1.7.1
htop	htop 3.3.0
ffmpeg	ffmpeg version 7.1
rsync	rsync  version 3.4.0  protocol version 29
git	git version 2.47.2
cargo	cargo 1.84.0 (4fc91e41a 2024-12-11)
fd	fd 10.2.0
fdfind	fdfind 10.2.0
rg	ripgrep 14.1.1
bat	bat 0.25.0
python3	Python 3.13.1
node	v22.0.0
go	go version go1.23.4 linux/amd64
docker	Docker version 27.4.0, build b9d17a0
restic	restic 0.17.3
borg	borg 1.4.0
mise	mise 2026.9.1
curl	curl 8.11.1 (x86_64-pc-linux-gnu)
vim	VIM - Vi IMproved 9.1
tmux	tmux 3.5a
jq	jq-1.7.1
htop	htop 3.3.0
ffmpeg	ffmpeg version 7.1
rsync	rsync  version 3.4.0  protocol version 29
git	git version 2.47.2
cargo	cargo 1.84.0 (4fc91e41a 2024-12-11)
fd	fd 10.2.0
fdfind	fdfind 10.2.0
rg	ripgrep 14.1.1
bat	bat 0.25.0
python3	Python 3.13.1
node	v22.0.0
go	go version go1.23.4 linux/amd64
docker	Docker version 27.4.0, build b9d17a0
restic	restic 0.17.3
borg	borg 1.4.0
mise	mise 2026.9.1
curl	curl 8.11.1 (x86_64-pc-linux-gnu)
vim	VIM - Vi IMproved 9.1
tmux	tmux 3.5a
jq	jq-1.7.1
htop	htop 3.3.0
ffmpeg	ffmpeg version 7.1
rsync	rsync  version 3.4.0  protocol version 29
git	git version 2.47.2
cargo	cargo 1.84.0 (4fc91e41a 2024-12-11)
fd	fd 10.2.0
fdfind	fdfind 10.2.0
rg	ripgrep 14.1.1
bat	bat 0.25.0
python3	Python 3.13.1
node	v22.0.0
go	go version go1.23.4 linux/amd64
docker	Docker version 27.4.0, build b9d17a0
restic	restic 0.17.3
borg	borg 1.4.0
mise	mise 2026.9.1
curl	curl 8.11.1 (x86_64-pc-linux-gnu)
vim	VIM - Vi IMproved 9.1
tmux	tmux 3.5a
jq	jq-1.7.1
htop	htop 3.3.0
ffmpeg	ffmpeg version 7.1
rsync	rsync  version 3.4.0  protocol version 29
git	git version 2.47.2
cargo	cargo 1.84.0 (4fc91e41a 2024-12-11)
fd	fd 10.2.0
fdfind	fdfind 10.2.0
rg	ripgrep 14.1.1
bat	bat 0.25.0
python3	Python 3.13.1
node	v22.0.0
go	go version go1.23.4 linux/amd64
docker	Docker version 27.4.0, build b9d17a0
restic	restic 0.17.3
borg	borg 1.4.0
mise	mise 2026.9.1
curl	curl 8.11.1 (x86_64-pc-linux-gnu)
vim	VIM - Vi IMproved 9.1
tmux	tmux 3.5a
jq	jq-1.7.1
htop	htop 3.3.0
ffmpeg	ffmpeg version 7.1
rsync	rsync  version 3.4.0  protocol version 29
git	git version 2.47.2
cargo	cargo 1.84.0 (4fc91e41a 2024-12-11)
fd	fd 10.2.0
fdfind	fdfind 10.2.0
rg	ripgrep 14.1.1
bat	bat 0.25.0
python3	Python 3.13.1
node	v22.0.0
go	go version go1.23.4 linux/amd64
docker	Docker version 27.4.0, build b9d17a0
restic	restic 0.17.3
borg	borg 1.4.0
mise	mise 2026.9.1
curl	curl 8.11.1 (x86_64-pc-linux-gnu)
vim	VIM - Vi IMproved 9.1
tmux	tmux 3.5a
jq	jq-1.7.1
htop	htop 3.3.0
ffmpeg	ffmpeg version 7.1
rsync	rsync  version 3.4.0  protocol version 29
git	git version 2.47.2
cargo	cargo 1.84.0 (4fc91e41a 2024-12-11)
fd	fd 10.2.0
fdfind	fdfind 10.2.0
rg	ripgrep 14.1.1
bat	bat 0.25.0
python3	Python 3.13.1
node	v22.0.0
go	go version go1.23.4 linux/amd64
docker	Docker version 27.4.0, build b9d17a0
restic	restic 0.17.3
borg	borg 1.4.0
mise	mise 2026.9.1
curl	curl 8.11.1 (x86_64-pc-linux-gnu)
vim	VIM - Vi IMproved 9.1
tmux	tmux 3.5a
jq	jq-1.7.1
htop	htop 3.3.0
ffmpeg	ffmpeg version 7.1
rsync	rsync  version 3.4.0  protocol version 29
git	git version 2.47.2
cargo	cargo 1.84.0 (4fc91e41a 2024-12-11)
fd	fd 10.2.0
fdfind	fdfind 10.2.0
rg	ripgrep 14.1.1
bat	bat 0.25.0
python3	Python 3.13.1
node	v22.0.0
go	go version go1.23.4 linux/amd64
docker	Docker version 27.4.0, build b9d17a0
restic	restic 0.17.3
borg	borg 1.4.0
mise	mise 2026.9.1
curl	curl 8.11.1 (x86_64-pc-linux-gnu)
vim	VIM - Vi IMproved 9.1
tmux	tmux 3.5a
jq	jq-1.7.1
htop	htop 3.3.0
ffmpeg	ffmpeg version 7.1
rsync	rsync  version 3.4.0  protocol version 29
git	git version 2.47.2
cargo	cargo 1.84.0 (4fc91e41a 2024-12-11)
fd	fd 10.2.0
fdfind	fdfind 10.2.0
rg	ripgrep 14.1.1
bat	bat 0.25.0
python3	Python 3.13.1
node	v22.0.0
go	go version go1.23.4 linux/amd64
docker	Docker version 27.4.0, build b9d17a0
restic	restic 0.17.3
borg	borg 1.4.0
mise	mise 2026.9.1
curl	curl 8.11.1 (x86_64-pc-linux-gnu)
vim	VIM - Vi IMproved 9.1
tmux	tmux 3.5a
jq	jq-1.7.1
htop	htop 3.3.0
ffmpeg	ffmpeg version 7.1
rsync	rsync  version 3.4.0  protocol version 29
git	git version 2.47.2
cargo	cargo 1.84.0 (4fc91e41a 2024-12-11)
fd	fd 10.2.0
fdfind	fdfind 10.2.0
rg	ripgrep 14.1.1
bat	bat 0.25.0
python3	Python 3.13.1
node	v22.0.0
go	go version go1.23.4 linux/amd64
docker	Docker version 27.4.0, build b9d17a0
restic	restic 0.17.3
borg	borg 1.4.0
mise	mise 2026.9.1
curl	curl 8.11.1 (x86_64-pc-linux-gnu)
vim	VIM - Vi IMproved 9.1
tmux	tmux 3.5a
jq	jq-1.7.1
htop	htop 3.3.0
ffmpeg	ffmpeg version 7.1
rsync	rsync  version 3.4.0  protocol version 29
git	git version 2.47.2
cargo	cargo 1.84.0 (4fc91e41a 2024-12-11)
fd	fd 10.2.0
fdfind	fdfind 10.2.0
rg	ripgrep 14.1.1
bat	bat 0.25.0
python3	Python 3.13.1
node	v22.0.0
go	go version go1.23.4 linux/amd64
docker	Docker version 27.4.0, build b9d17a0
restic	restic 0.17.3
borg	borg 1.4.0
mise	mise 2026.9.1
curl	curl 8.11.1 (x86_64-pc-linux-gnu)
vim	VIM - Vi IMproved 9.1
tmux	tmux 3.5a
jq	jq-1.7.1
htop	htop 3.3.0
ffmpeg	ffmpeg version 7.1
rsync	rsync  version 3.4.0  protocol version 29
git	git version 2.47.2
cargo	cargo 1.84.0 (4fc91e41a 2024-12-11)
fd	fd 10.2.0
fdfind	fdfind 10.2.0
rg	ripgrep 14.1.1
bat	bat 0.25.0
python3	Python 3.13.1
node	v22.0.0
go	go version go1.23.4 linux/amd64
docker	Docker version 27.4.0, build b9d17a0
restic	restic 0.17.3
borg	borg 1.4.0
mise	mise 2026.9.1
curl	curl 8.11.1 (x86_64-pc-linux-gnu)
vim	VIM - Vi IMproved 9.1
tmux	tmux 3.5a
jq	jq-1.7.1
htop	htop 3.3.0
ffmpeg	ffmpeg version 7.1
rsync	rsync  version 3.4.0  protocol version 29
git	git version 2.47.2
cargo	cargo 1.84.0 (4fc91e41a 2024-12-11)
fd	fd 10.2.0
fdfind	fdfind 10.2.0
rg	ripgrep 14.1.1
bat	bat 0.25.0
python3	Python 3.13.1
node	v22.0.0
go	go version go1.23.4 linux/amd64
docker	Docker version 27.4.0, build b9d17a0
restic	restic 0.17.3
borg	borg 1.4.0
mise	mise 2026.9.1
curl	curl 8.11.1 (x86_64-pc-linux-gnu)
vim	VIM - Vi IMproved 9.1
tmux	tmux 3.5a
jq	jq-1.7.1
htop	htop 3.3.0
ffmpeg	ffmpeg version 7.1
rsync	rsync  version 3.4.0  protocol version 29
git	git version 2.47.2
cargo	cargo 1.84.0 (4fc91e41a 2024-12-11)
fd	fd 10.2.0
fdfind	fdfind 10.2.0
rg	ripgrep 14.1.1
bat	bat 0.25.0
python3	Python 3.13.1
node	v22.0.0
go	go version go1.23.4 linux/amd64
docker	Docker version 27.4.0, build b9d17a0
restic	restic 0.17.3
borg	borg 1.4.0
mise	mise 2026.9.1
curl	curl 8.11.1 (x86_64-pc-linux-gnu)
vim	VIM - Vi IMproved 9.1
tmux	tmux 3.5a
jq	jq-1.7.1
htop	htop 3.3.0
ffmpeg	ffmpeg version 7.1
rsync	rsync  version 3.4.0  protocol version 29
